exp_id,n_seeds,seeds,mean_rouge1,std_rouge1,mean_rouge2,std_rouge2,mean_rougeL,std_rougeL,mean_rougeLsum,std_rougeLsum,mean_bertscore_f1,std_bertscore_f1
exp_026_random_only_multiseed_5k,3,"seed_013,seed_021,seed_042",0.1332991221165225,0.0020164915902323,0.05172597342614166,0.001973474178185322,0.12528074807592213,0.001879402357167189,0.1255176984312918,0.001713859683307618,0.8358021107912063,0.0004622980477068232
exp_027_grouped_only_multiseed_5k,3,"seed_013,seed_021,seed_042",0.13515864447757928,0.000821310043745659,0.05267632000153163,0.0008599748859510768,0.12741708266264154,0.0008997847037711997,0.12762222208271706,0.0009568022221241892,0.8365236309369406,0.00029145341957466175
exp_028_grouped_to_random_multiseed_5k,3,"seed_013,seed_021,seed_042",0.13573552053686477,0.0006310815717993919,0.05290762532282947,0.0007638326220628706,0.12741556756984396,0.00040348389836700736,0.1279101682552873,0.00047559550741240033,0.836249907930692,0.00025796425857546053
exp_029_random_to_grouped_multiseed_5k,3,"seed_013,seed_021,seed_042",0.13429778290121783,0.0009638989478806322,0.05139917328310489,0.0006283945874624924,0.12623164340206786,0.0008984621429260791,0.1263183377758188,0.0008879813126434798,0.8363362034161885,0.0004125665273872965
